100%NL,https://stream.100p.nl/100pctnl.mp3
538 Radio,https://playerservices.streamtheworld.com/api/livestream-redirect/RADIO538.mp3
Joe - Nederland,https://stream.joe.nl/joe/mp3
NPO 3FM,https://icecast.omroep.nl/3fm-bb-mp3
NPO Klassiek,https://icecast.omroep.nl/radio4-bb-mp3
NPO Radio 1,https://icecast.omroep.nl/radio1-bb-mp3
NPO Radio 2,https://icecast.omroep.nl/radio2-bb-mp3
NPO Radio 5,https://icecast.omroep.nl/radio5-bb-mp3
Omroep West,https://liveradio.omroepwest.nl/
Radio 10,https://playerservices.streamtheworld.com/api/livestream-redirect/RADIO10.mp3
Sky Radio,https://playerservices.streamtheworld.com/api/livestream-redirect/SKYRADIO.mp3
Veronica Top 1000 Allertijden,https://playerservices.streamtheworld.com/api/livestream-redirect/SRGSTR10.mp3
